Ref,Val,Package,PosX,PosY,Rot,Side
"C1","100n","C_0603_1608Metric",89.612500,55.450000,0.000000,bottom
"C2","100n","C_0603_1608Metric",89.612500,53.700000,0.000000,bottom
"C3","1u","C_0603_1608Metric",89.612500,57.200000,180.000000,bottom
"C4","1u","C_0603_1608Metric",82.762500,42.450000,0.000000,bottom
"C5","10n","C_0603_1608Metric",10.150000,65.200000,180.000000,bottom
"C6","4.7u","C_0603_1608Metric",101.650000,63.950000,0.000000,bottom
"C7","10n","C_0603_1608Metric",10.150000,66.700000,180.000000,bottom
"C8","100n","C_0603_1608Metric",77.612500,42.450000,180.000000,bottom
"C9","100n","C_0603_1608Metric",79.362500,60.950000,180.000000,bottom
"C10","4.7u","C_0603_1608Metric",101.650000,58.950000,0.000000,bottom
"C11","10n","C_0603_1608Metric",134.650000,66.700000,0.000000,bottom
"C12","20p","C_0603_1608Metric",66.650000,50.200000,180.000000,bottom
"C13","20p","C_0603_1608Metric",66.650000,51.950000,180.000000,bottom
"C14","10n","C_0603_1608Metric",134.650000,65.200000,0.000000,bottom
"C15","1u","C_0603_1608Metric",66.650000,53.700000,180.000000,bottom
"C16","1n","C_0603_1608Metric",51.400000,67.700000,270.000000,bottom
"C17","100n","C_0603_1608Metric",69.150000,41.700000,270.000000,bottom
"C18","100n","C_0603_1608Metric",75.150000,41.700000,270.000000,bottom
"C19","1n","C_0603_1608Metric",27.150000,55.450000,90.000000,bottom
"C20","1n","C_0603_1608Metric",28.650000,55.450000,90.000000,bottom
"C21","100n","C_0603_1608Metric",125.612500,43.450000,0.000000,bottom
"C22","100n","C_0603_1608Metric",115.862500,57.950000,180.000000,bottom
"C23","1n","C_0603_1608Metric",12.900000,42.700000,0.000000,bottom
"C24","100n","C_0603_1608Metric",79.900000,27.700000,0.000000,bottom
"C25","100n","C_0603_1608Metric",96.900000,21.950000,180.000000,bottom
"C26","100n","C_0603_1608Metric",14.937500,29.700000,0.000000,bottom
"C27","100n","C_0603_1608Metric",59.650000,68.200000,90.000000,bottom
"C28","100n","C_0603_1608Metric",35.862500,21.950000,180.000000,bottom
"CM1","90R@100MHz","CommonChoke_Dual0603",94.650000,63.950000,135.000000,bottom
"D1","PRTR5V0U2X","PRTR5V0U2X_SOT-143B",97.150000,66.450000,135.000000,bottom
"D14","1N4148WS","D_SOD-323F",70.650000,65.450000,270.000000,bottom
"J1","USB_Type_C_16P","HRO_TYPE-C-31-M-12",99.900000,80.575000,0.000000,bottom
"L1","L0805/NC","L_0805_2012Metric",103.900000,68.900000,0.000000,bottom
"L2","L0805/600R_1A","L_0805_2012Metric",101.150000,66.450000,90.000000,bottom
"L3","MMZ1608Y102BT","L_0603_1608Metric",72.400000,68.700000,270.000000,bottom
"L4","MMZ1608Y102BT","L_0603_1608Metric",72.400000,65.700000,270.000000,bottom
"R1","5.1K","R_0603_1608Metric",103.650000,65.700000,0.000000,bottom
"R2","5.1K","R_0603_1608Metric",103.650000,67.200000,0.000000,bottom
"R3","10K","R_0603_1608Metric",82.800000,44.200000,180.000000,bottom
"R4","10K","R_0603_1608Metric",16.150000,65.200000,0.000000,bottom
"R5","10K","R_0603_1608Metric",13.150000,65.200000,0.000000,bottom
"R6","10K","R_0603_1608Metric",16.150000,66.700000,0.000000,bottom
"R7","10K","R_0603_1608Metric",13.150000,66.700000,0.000000,bottom
"R8","0R","R_0603_1608Metric",77.612500,44.200000,0.000000,bottom
"R9","0R","R_0603_1608Metric",79.362500,62.450000,180.000000,bottom
"R10","0R","R_0603_1608Metric",99.150000,59.700000,90.000000,bottom
"R11","10K","R_0603_1608Metric",128.650000,66.700000,180.000000,bottom
"R12","10K","R_0603_1608Metric",131.650000,66.700000,180.000000,bottom
"R13","10K","R_0603_1608Metric",128.650000,65.200000,180.000000,bottom
"R14","10K","R_0603_1608Metric",131.650000,65.200000,180.000000,bottom
"R15","0R","R_0603_1608Metric",97.150000,56.662500,90.000000,bottom
"R16","0R","R_0603_1608Metric",98.650000,56.662500,90.000000,bottom
"R17","0R","R_0603_1608Metric",101.650000,56.700000,90.000000,bottom
"R18","0R","R_0603_1608Metric",100.150000,56.700000,90.000000,bottom
"R19","4.7K","R_0603_1608Metric",67.650000,41.700000,270.000000,bottom
"R20","4.7K","R_0603_1608Metric",66.150000,41.700000,270.000000,bottom
"R21","10K","R_0603_1608Metric",25.650000,55.412500,270.000000,bottom
"R22","10K","R_0603_1608Metric",115.862500,50.950000,180.000000,bottom
"R23","10K","R_0603_1608Metric",115.862500,52.700000,180.000000,bottom
"R24","10K","R_0603_1608Metric",115.862500,54.450000,180.000000,bottom
"R25","10K","R_0603_1608Metric",115.862500,56.200000,180.000000,bottom
"R26","220","R_0603_1608Metric",107.400000,69.200000,270.000000,bottom
"R27","220","R_0603_1608Metric",108.900000,69.200000,270.000000,bottom
"R28","220","R_0603_1608Metric",110.400000,69.162500,270.000000,bottom
"R29","1K","R_0603_1608Metric",125.612500,41.700000,0.000000,bottom
"R30","1K","R_0603_1608Metric",131.650000,39.950000,0.000000,bottom
"R31","1K","R_0603_1608Metric",131.650000,38.200000,0.000000,bottom
"R32","1K","R_0603_1608Metric",131.650000,36.450000,0.000000,bottom
"R33","3.3K","R_0603_1608Metric",12.900000,41.200000,180.000000,bottom
"R34","10K","R_0603_1608Metric",96.900000,14.700000,180.000000,bottom
"R35","10K","R_0603_1608Metric",96.900000,16.700000,180.000000,bottom
"R36","10K","R_0603_1608Metric",96.900000,18.450000,180.000000,bottom
"R37","10K","R_0603_1608Metric",96.900000,20.200000,180.000000,bottom
"R38","10K","R_0603_1608Metric",108.900000,20.200000,0.000000,bottom
"R39","10K","R_0603_1608Metric",108.900000,18.450000,0.000000,bottom
"R40","10K","R_0603_1608Metric",108.900000,16.700000,0.000000,bottom
"R41","10K","R_0603_1608Metric",108.900000,14.950000,0.000000,bottom
"R42","0R","R_0603_1608Metric",74.900000,69.450000,180.000000,bottom
"R43","NC","R_0603_1608Metric",74.900000,67.950000,180.000000,bottom
"R44","NC","R_0603_1608Metric",74.900000,66.450000,180.000000,bottom
"R45","0R","R_0603_1608Metric",74.900000,64.950000,180.000000,bottom
"R46","1K","R_0603_1608Metric",79.900000,25.950000,0.000000,bottom
"R47","1K","R_0603_1608Metric",85.862500,24.150000,0.000000,bottom
"R48","1K","R_0603_1608Metric",85.900000,22.450000,0.000000,bottom
"R49","1K","R_0603_1608Metric",85.862500,20.700000,0.000000,bottom
"R50","1K","R_0603_1608Metric",85.862500,18.950000,0.000000,bottom
"R51","1K","R_0603_1608Metric",85.862500,17.200000,0.000000,bottom
"R52","1K","R_0603_1608Metric",85.862500,15.450000,0.000000,bottom
"R53","1K","R_0603_1608Metric",85.862500,13.700000,0.000000,bottom
"R54","220","R_0603_1608Metric",70.650000,68.700000,90.000000,bottom
"R55","10K","R_0603_1608Metric",35.862500,14.950000,180.000000,bottom
"R56","10K","R_0603_1608Metric",35.862500,16.700000,180.000000,bottom
"R57","10K","R_0603_1608Metric",35.862500,18.450000,180.000000,bottom
"R58","10K","R_0603_1608Metric",35.862500,20.200000,180.000000,bottom
"R59","10K","R_0603_1608Metric",47.900000,20.200000,0.000000,bottom
"R60","10K","R_0603_1608Metric",47.900000,18.450000,0.000000,bottom
"R61","10K","R_0603_1608Metric",47.900000,16.700000,0.000000,bottom
"R62","10K","R_0603_1608Metric",47.900000,14.950000,0.000000,bottom
"R63","0R","R_0603_1608Metric",61.650000,71.200000,180.000000,bottom
"R64","1K","R_0603_1608Metric",14.937500,27.950000,0.000000,bottom
"R65","1K","R_0603_1608Metric",20.900000,25.950000,0.000000,bottom
"R66","1K","R_0603_1608Metric",20.900000,24.200000,0.000000,bottom
"R67","1K","R_0603_1608Metric",20.900000,22.450000,0.000000,bottom
"R68","1K","R_0603_1608Metric",20.900000,20.700000,0.000000,bottom
"R69","1K","R_0603_1608Metric",20.900000,18.950000,0.000000,bottom
"R70","1K","R_0603_1608Metric",20.900000,17.200000,0.000000,bottom
"R71","1K","R_0603_1608Metric",20.900000,15.450000,0.000000,bottom
"U1","AIC1746-33","SOT-23",101.635085,61.432133,90.000000,bottom
"U2","M452LE6AE","LQFP-48_7x7mm_P0.5mm",79.900000,52.700000,90.000000,bottom
"U3","BMA2xx","BMA2xx_LGA-12",72.400000,40.200000,0.000000,bottom
"U4","74HC595","SOIC-16_3.9x9.9mm_P1.27mm",125.650000,35.450000,180.000000,bottom
"U5","74HC165","SOIC-16_3.9x9.9mm_P1.27mm",121.900000,54.450000,180.000000,bottom
"U6","74HC595","SOIC-16_3.9x9.9mm_P1.27mm",79.900000,19.700000,180.000000,bottom
"U7","74HC165","SOIC-16_3.9x9.9mm_P1.27mm",102.900000,18.450000,180.000000,bottom
"U8","TLP2361","SO-5_4.4x3.6mm_P1.27mm",65.150000,68.200000,180.000000,bottom
"U9","74HC595","SOIC-16_3.9x9.9mm_P1.27mm",14.900000,21.450000,180.000000,bottom
"U10","74HC165","SOIC-16_3.9x9.9mm_P1.27mm",41.900000,18.450000,180.000000,bottom
"Y1","12M","Crystal_SMD_5032-2Pin_5.0x3.2mm",70.150000,51.200000,90.000000,bottom
"D2","LED","LED_0603_1608Metric",118.125000,43.175000,90.000000,top
"D3","LED","LED_0603_1608Metric",105.675000,55.700000,90.000000,top
"D4","LED","LED_0603_1608Metric",118.125000,68.100000,90.000000,top
"D5","LED","LED_0603_1608Metric",130.575000,55.675000,90.000000,top
"D6","LED","LED_0603_1608Metric",87.640000,27.500000,90.000000,top
"D7","LED","LED_0603_1608Metric",102.880000,27.460000,90.000000,top
"D8","LED","LED_0603_1608Metric",118.120000,27.490000,90.000000,top
"D9","LED","LED_0603_1608Metric",133.360000,27.480000,90.000000,top
"D10","LED","LED_0603_1608Metric",125.740000,12.230000,270.000000,top
"D11","LED","LED_0603_1608Metric",110.500000,12.240000,270.000000,top
"D12","LED","LED_0603_1608Metric",95.260000,12.240000,270.000000,top
"D13","LED","LED_0603_1608Metric",80.025000,12.300000,270.000000,top
"D15","LED","LED_0603_1608Metric",26.675000,27.475000,90.000000,top
"D16","LED","LED_0603_1608Metric",41.925000,27.450000,90.000000,top
"D17","LED","LED_0603_1608Metric",57.175000,27.525000,90.000000,top
"D18","LED","LED_0603_1608Metric",72.400000,27.450000,90.000000,top
"D19","LED","LED_0603_1608Metric",64.775000,12.250000,270.000000,top
"D20","LED","LED_0603_1608Metric",49.550000,12.200000,270.000000,top
"D21","LED","LED_0603_1608Metric",34.300000,12.225000,270.000000,top
"D22","LED","LED_0603_1608Metric",19.075000,12.200000,270.000000,top
"SW1","SW","RubberPad",105.670000,55.680000,90.000000,top
"SW2","SW","RubberPad",118.130000,43.240000,90.000000,top
"SW3","SW","RubberPad",118.100000,68.150000,90.000000,top
"SW4","SW","RubberPad",130.570000,55.700000,90.000000,top
"SW5","SW","RubberPad",95.250000,12.250000,90.000000,top
"SW6","SW","RubberPad",80.000000,12.250000,90.000000,top
"SW7","SW","RubberPad",87.650000,27.500000,90.000000,top
"SW8","SW","RubberPad",102.850000,27.500000,90.000000,top
"SW9","SW","RubberPad",118.100000,27.500000,90.000000,top
"SW10","SW","RubberPad",133.350000,27.500000,90.000000,top
"SW11","SW","RubberPad",125.750000,12.250000,90.000000,top
"SW12","SW","RubberPad",110.500000,12.250000,90.000000,top
"SW13","SW","RubberPad",34.300000,12.250000,90.000000,top
"SW14","SW","RubberPad",19.050000,12.250000,180.000000,top
"SW15","SW","RubberPad",26.650000,27.500000,90.000000,top
"SW16","SW","RubberPad",41.900000,27.500000,90.000000,top
"SW17","SW","RubberPad",57.150000,27.500000,90.000000,top
"SW18","SW","RubberPad",72.400000,27.500000,90.000000,top
"SW19","SW","RubberPad",64.750000,12.250000,90.000000,top
"SW20","SW","RubberPad",49.550000,12.250000,90.000000,top
"W1","EC05E","EC05E1220202",3.400000,56.200000,90.000000,top
"W2","EC05E","EC05E1220202",141.400000,56.200000,270.000000,top
